Algorithm,metric,algorithm,xi,min_cluster_size,min_samples,Repetition,ARI,NMI,DBI,Silhouette,CHS,Predicted k,Time
"OPTICSClusteringWrapper(metric=euclidean, algorithm=brute, xi=0.1, min_cluster_size=0.1, min_samples=10)_0",euclidean,brute,0.1,0.1,10,0,0.1692809790553491,0.25817909303351594,0.9374260357186318,0.2980009304400212,2399.8369476409125,3,27.02873134613037
"OPTICSClusteringWrapper(metric=euclidean, algorithm=ball_tree, xi=0.1, min_cluster_size=0.1, min_samples=10)_0",euclidean,ball_tree,0.1,0.1,10,0,0.1692809790553491,0.25817909303351594,0.9374260357186318,0.2980009304400212,2399.8369476409125,3,251.49473810195923
"OPTICSClusteringWrapper(metric=euclidean, algorithm=kd_tree, xi=0.1, min_cluster_size=0.1, min_samples=10)_0",euclidean,kd_tree,0.1,0.1,10,0,0.1692809790553491,0.25817909303351594,0.9374260357186318,0.2980009304400212,2399.8369476409125,3,243.7839949131012
"OPTICSClusteringWrapper(metric=manhattan, algorithm=brute, xi=0.1, min_cluster_size=0.1, min_samples=10)_0",manhattan,brute,0.1,0.1,10,0,0.3503002011934985,0.48032001927284257,1.448374100925874,0.31553110313372273,2398.4350622058073,5,26.18752431869507
"OPTICSClusteringWrapper(metric=manhattan, algorithm=ball_tree, xi=0.1, min_cluster_size=0.1, min_samples=10)_0",manhattan,ball_tree,0.1,0.1,10,0,0.3503002011934985,0.48032001927284257,1.448374100925874,0.31553110313372273,2398.4350622058073,5,249.1697072982788
"OPTICSClusteringWrapper(metric=manhattan, algorithm=kd_tree, xi=0.1, min_cluster_size=0.1, min_samples=10)_0",manhattan,kd_tree,0.1,0.1,10,0,0.3503002011934985,0.48032001927284257,1.448374100925874,0.31553110313372273,2398.4350622058073,5,251.0350046157837
"OPTICSClusteringWrapper(metric=chebyshev, algorithm=brute, xi=0.1, min_cluster_size=0.1, min_samples=10)_0",chebyshev,brute,0.1,0.1,10,0,0.8250525777814368,0.7643769320633568,0.7103120040684147,0.5040653697418019,4530.561626660252,3,25.487141370773315
"OPTICSClusteringWrapper(metric=chebyshev, algorithm=ball_tree, xi=0.1, min_cluster_size=0.1, min_samples=10)_0",chebyshev,ball_tree,0.1,0.1,10,0,0.8250525777814368,0.7643769320633568,0.7103120040684147,0.5040653697418019,4530.561626660252,3,248.45471096038818
"OPTICSClusteringWrapper(metric=chebyshev, algorithm=kd_tree, xi=0.1, min_cluster_size=0.1, min_samples=10)_0",chebyshev,kd_tree,0.1,0.1,10,0,0.8250525777814368,0.7643769320633568,0.7103120040684147,0.5040653697418019,4530.561626660252,3,249.21455025672913
