Algorithm,ARI,F1 Score,DBI,silhouette_score,calinski_harabasz_score,Time
Optics_euclidean_brute,0.07797251928603519,0.006783576899506483,1.6576650114923042,0.033304089353012614,553.0205895360315,23.314409494400024
Optics_manhattan_brute,0.14665786195638145,0.002476780185758514,1.9505285343871586,0.13126754454718934,725.5197334073032,21.303929328918457
Optics_cosine_brute,0.03817695562709491,0.00621898210473459,1.6899446265008187,-0.13152390065314895,240.72222369672747,22.85158371925354
