Algorithm,metric,algorithm,xi,min_cluster_size,min_samples,Repetition,ARI,NMI,DBI,Silhouette,CHS,Predicted k,Time
"OPTICSClusteringWrapper(metric=euclidean, algorithm=brute, xi=0.1, min_cluster_size=0.1, min_samples=100)_0",euclidean,brute,0.1,0.1,100,0,0.0821092358003193,0.1899264603359879,1.0773580402511629,0.19214660361162328,1549.4870176630266,2,44.71448588371277
"OPTICSClusteringWrapper(metric=euclidean, algorithm=ball_tree, xi=0.1, min_cluster_size=0.1, min_samples=100)_0",euclidean,ball_tree,0.1,0.1,100,0,0.0821092358003193,0.1899264603359879,1.0773580402511629,0.19214660361162328,1549.4870176630266,2,229.9312379360199
"OPTICSClusteringWrapper(metric=euclidean, algorithm=kd_tree, xi=0.1, min_cluster_size=0.1, min_samples=100)_0",euclidean,kd_tree,0.1,0.1,100,0,0.0821092358003193,0.1899264603359879,1.0773580402511629,0.19214660361162328,1549.4870176630266,2,186.35492706298828
"OPTICSClusteringWrapper(metric=manhattan, algorithm=brute, xi=0.1, min_cluster_size=0.1, min_samples=100)_0",manhattan,brute,0.1,0.1,100,0,0.20378306071504673,0.37048317069810816,1.8201569589613882,0.12383781744285284,1416.8289318651944,4,37.281357526779175
"OPTICSClusteringWrapper(metric=manhattan, algorithm=ball_tree, xi=0.1, min_cluster_size=0.1, min_samples=100)_0",manhattan,ball_tree,0.1,0.1,100,0,0.20378306071504673,0.37048317069810816,1.8201569589613882,0.12383781744285284,1416.8289318651944,4,263.20046734809875
"OPTICSClusteringWrapper(metric=manhattan, algorithm=kd_tree, xi=0.1, min_cluster_size=0.1, min_samples=100)_0",manhattan,kd_tree,0.1,0.1,100,0,0.20378306071504673,0.37048317069810816,1.8201569589613882,0.12383781744285284,1416.8289318651944,4,257.7758150100708
"OPTICSClusteringWrapper(metric=chebyshev, algorithm=brute, xi=0.1, min_cluster_size=0.1, min_samples=100)_0",chebyshev,brute,0.1,0.1,100,0,0.1480384122669177,0.27676696565279435,1.798303070901729,0.14147674545735758,1584.578063447916,3,52.658971309661865
"OPTICSClusteringWrapper(metric=chebyshev, algorithm=ball_tree, xi=0.1, min_cluster_size=0.1, min_samples=100)_0",chebyshev,ball_tree,0.1,0.1,100,0,0.1480384122669177,0.27676696565279435,1.798303070901729,0.14147674545735758,1584.578063447916,3,246.26440143585205
"OPTICSClusteringWrapper(metric=chebyshev, algorithm=kd_tree, xi=0.1, min_cluster_size=0.1, min_samples=100)_0",chebyshev,kd_tree,0.1,0.1,100,0,0.1480384122669177,0.27676696565279435,1.798303070901729,0.14147674545735758,1584.578063447916,3,250.37997269630432
