Algorithm,E,ARI,F1 Score,DBI,Purity,Time
"GlobalKMeans(2, euclidean)",12900.487981526527,0.09611068985360134,0.04142151316656796,1.6952383806804214,0.20696870451237265,76.0978889465332
"GlobalKMeans(3, euclidean)",10308.838617645477,0.18918376434841797,0.01687208370360864,1.445593391448888,0.30667758369723436,312.6661810874939
