Algorithm,E,ARI,F1 Score,DBI,Purity,Time
"GlobalKMeans(2, euclidean)",12900.487981526527,0.09611068985360134,0.04142151316656796,1.6952383806804214,0.20696870451237265,55.46156907081604
"GlobalKMeans(2, manhattan)",137338.14493410167,0.07381809416217766,0.0010908716682103531,1.5482572843749773,0.2032387190684134,50.40947151184082
"GlobalKMeans(2, clark)",36008.107946904885,0.06249121483327504,0.0025357214731334273,1.5116884502944672,0.19659752547307133,89.69927859306335
