Algorithm,ARI,F1 Score,DBI,silhouette_score,calinski_harabasz_score,Time
"(Optics, euclidean, auto)",-0.09936276041916138,0.0,1.2778543202639836,0.01808807221120284,13.299828791795498,0.5493452548980713
"(Optics, euclidean, brute)",-0.09936276041916138,0.0,1.2778543202639836,0.01808807221120284,13.299828791795498,0.38001298904418945
"(Optics, euclidean, ball_tree)",-0.09936276041916138,0.0,1.2778543202639836,0.01808807221120284,13.299828791795498,0.11715984344482422
"(Optics, euclidean, kd_tree)",-0.09936276041916138,0.0,1.2778543202639836,0.01808807221120284,13.299828791795498,0.1088876724243164
