Algorithm,metric,algorithm,xi,min_cluster_size,min_samples,Repetition,ARI,NMI,DBI,Silhouette,CHS,Predicted k,Time
"OPTICSClusteringWrapper(metric=euclidean, algorithm=brute, xi=0.05, min_cluster_size=0.05, min_samples=5)_0",euclidean,brute,0.05,0.05,5,0,-0.12324140729069098,0.07864725775397256,1.3087048296183084,0.006306142375985323,9.936227704712062,3,1.1478946208953857
"OPTICSClusteringWrapper(metric=euclidean, algorithm=ball_tree, xi=0.05, min_cluster_size=0.05, min_samples=5)_0",euclidean,ball_tree,0.05,0.05,5,0,-0.12324140729069098,0.07864725775397256,1.3087048296183084,0.006306142375985323,9.936227704712062,3,5.242424249649048
"OPTICSClusteringWrapper(metric=euclidean, algorithm=kd_tree, xi=0.05, min_cluster_size=0.05, min_samples=5)_0",euclidean,kd_tree,0.05,0.05,5,0,-0.12324140729069098,0.07864725775397256,1.3087048296183084,0.006306142375985323,9.936227704712062,3,4.421159744262695
"OPTICSClusteringWrapper(metric=manhattan, algorithm=brute, xi=0.05, min_cluster_size=0.05, min_samples=5)_0",manhattan,brute,0.05,0.05,5,0,-0.12324140729069098,0.07864725775397256,1.3087048296183084,0.006306142375985323,9.936227704712062,3,1.3883299827575684
"OPTICSClusteringWrapper(metric=manhattan, algorithm=ball_tree, xi=0.05, min_cluster_size=0.05, min_samples=5)_0",manhattan,ball_tree,0.05,0.05,5,0,-0.12324140729069098,0.07864725775397256,1.3087048296183084,0.006306142375985323,9.936227704712062,3,3.7444663047790527
"OPTICSClusteringWrapper(metric=manhattan, algorithm=kd_tree, xi=0.05, min_cluster_size=0.05, min_samples=5)_0",manhattan,kd_tree,0.05,0.05,5,0,-0.12324140729069098,0.07864725775397256,1.3087048296183084,0.006306142375985323,9.936227704712062,3,3.4617931842803955
"OPTICSClusteringWrapper(metric=chebyshev, algorithm=brute, xi=0.05, min_cluster_size=0.05, min_samples=5)_0",chebyshev,brute,0.05,0.05,5,0,-0.13881652206222822,0.0888879861957825,1.688627383600668,0.006041234349587881,8.042075486568839,4,1.253188133239746
"OPTICSClusteringWrapper(metric=chebyshev, algorithm=ball_tree, xi=0.05, min_cluster_size=0.05, min_samples=5)_0",chebyshev,ball_tree,0.05,0.05,5,0,-0.13881652206222822,0.0888879861957825,1.688627383600668,0.006041234349587881,8.042075486568839,4,4.068219184875488
"OPTICSClusteringWrapper(metric=chebyshev, algorithm=kd_tree, xi=0.05, min_cluster_size=0.05, min_samples=5)_0",chebyshev,kd_tree,0.05,0.05,5,0,-0.13881652206222822,0.0888879861957825,1.688627383600668,0.006041234349587881,8.042075486568839,4,3.626323938369751
